question_id,model,score
q0,leader,1
q1,leader,1
q2,leader,1
q3,leader,1
q4,leader,1
q5,leader,1
q6,leader,1
q7,leader,1
q8,leader,1
q9,leader,1
q10,leader,1
q11,leader,1
q12,leader,1
q13,leader,1
q14,leader,1
q15,leader,1
q16,leader,1
q17,leader,1
q18,leader,1
q19,leader,1
q20,leader,1
q21,leader,1
q22,leader,1
q23,leader,1
q24,leader,1
q25,leader,1
q26,leader,1
q27,leader,1
q28,leader,1
q29,leader,1
q30,leader,1
q31,leader,1
q32,leader,1
q33,leader,1
q34,leader,1
q35,leader,1
q36,leader,1
q37,leader,1
q38,leader,1
q39,leader,1
q40,leader,1
q41,leader,1
q42,leader,1
q43,leader,1
q44,leader,1
q45,leader,1
q46,leader,1
q47,leader,1
q48,leader,1
q49,leader,1
q50,leader,1
q51,leader,1
q52,leader,1
q53,leader,1
q54,leader,1
q55,leader,1
q56,leader,1
q57,leader,1
q58,leader,1
q59,leader,1
q60,leader,1
q61,leader,1
q62,leader,1
q63,leader,1
q64,leader,1
q65,leader,1
q66,leader,1
q67,leader,1
q68,leader,1
q69,leader,1
q70,leader,1
q71,leader,1
q72,leader,1
q73,leader,1
q74,leader,1
q75,leader,1
q76,leader,1
q77,leader,1
q78,leader,1
q79,leader,1
q80,leader,0
q81,leader,0
q82,leader,0
q83,leader,0
q84,leader,0
q85,leader,0
q86,leader,0
q87,leader,0
q88,leader,0
q89,leader,0
q90,leader,0
q91,leader,0
q92,leader,0
q93,leader,0
q94,leader,0
q95,leader,0
q96,leader,0
q97,leader,0
q98,leader,0
q99,leader,0
q0,wide-near,1
q1,wide-near,1
q2,wide-near,1
q3,wide-near,1
q4,wide-near,1
q5,wide-near,1
q6,wide-near,1
q7,wide-near,1
q8,wide-near,1
q9,wide-near,1
q10,wide-near,1
q11,wide-near,1
q12,wide-near,1
q13,wide-near,1
q14,wide-near,1
q15,wide-near,1
q16,wide-near,1
q17,wide-near,1
q18,wide-near,1
q19,wide-near,1
q20,wide-near,1
q21,wide-near,1
q22,wide-near,1
q23,wide-near,1
q24,wide-near,1
q25,wide-near,1
q26,wide-near,1
q27,wide-near,1
q28,wide-near,1
q29,wide-near,1
q30,wide-near,1
q31,wide-near,1
q32,wide-near,1
q33,wide-near,1
q34,wide-near,1
q35,wide-near,1
q36,wide-near,1
q37,wide-near,1
q38,wide-near,1
q39,wide-near,1
q40,wide-near,1
q41,wide-near,1
q42,wide-near,1
q43,wide-near,1
q44,wide-near,1
q45,wide-near,1
q46,wide-near,1
q47,wide-near,1
q48,wide-near,1
q49,wide-near,1
q50,wide-near,1
q51,wide-near,1
q52,wide-near,1
q53,wide-near,1
q54,wide-near,1
q55,wide-near,1
q56,wide-near,1
q57,wide-near,1
q58,wide-near,1
q59,wide-near,1
q60,wide-near,0
q61,wide-near,0
q62,wide-near,0
q63,wide-near,0
q64,wide-near,0
q65,wide-near,0
q66,wide-near,0
q67,wide-near,0
q68,wide-near,0
q69,wide-near,0
q70,wide-near,0
q71,wide-near,0
q72,wide-near,0
q73,wide-near,0
q74,wide-near,0
q75,wide-near,0
q76,wide-near,0
q77,wide-near,0
q78,wide-near,0
q79,wide-near,0
q80,wide-near,1
q81,wide-near,1
q82,wide-near,1
q83,wide-near,1
q84,wide-near,1
q85,wide-near,1
q86,wide-near,1
q87,wide-near,1
q88,wide-near,1
q89,wide-near,1
q90,wide-near,1
q91,wide-near,1
q92,wide-near,1
q93,wide-near,1
q94,wide-near,1
q95,wide-near,0
q96,wide-near,0
q97,wide-near,0
q98,wide-near,0
q99,wide-near,0
q0,narrow-gap,1
q1,narrow-gap,1
q2,narrow-gap,1
q3,narrow-gap,1
q4,narrow-gap,1
q5,narrow-gap,1
q6,narrow-gap,1
q7,narrow-gap,1
q8,narrow-gap,1
q9,narrow-gap,1
q10,narrow-gap,1
q11,narrow-gap,1
q12,narrow-gap,1
q13,narrow-gap,1
q14,narrow-gap,1
q15,narrow-gap,1
q16,narrow-gap,1
q17,narrow-gap,1
q18,narrow-gap,1
q19,narrow-gap,1
q20,narrow-gap,1
q21,narrow-gap,1
q22,narrow-gap,1
q23,narrow-gap,1
q24,narrow-gap,1
q25,narrow-gap,1
q26,narrow-gap,1
q27,narrow-gap,1
q28,narrow-gap,1
q29,narrow-gap,1
q30,narrow-gap,1
q31,narrow-gap,1
q32,narrow-gap,1
q33,narrow-gap,1
q34,narrow-gap,1
q35,narrow-gap,1
q36,narrow-gap,1
q37,narrow-gap,1
q38,narrow-gap,1
q39,narrow-gap,1
q40,narrow-gap,1
q41,narrow-gap,1
q42,narrow-gap,1
q43,narrow-gap,1
q44,narrow-gap,1
q45,narrow-gap,1
q46,narrow-gap,1
q47,narrow-gap,1
q48,narrow-gap,1
q49,narrow-gap,1
q50,narrow-gap,1
q51,narrow-gap,1
q52,narrow-gap,1
q53,narrow-gap,1
q54,narrow-gap,1
q55,narrow-gap,1
q56,narrow-gap,1
q57,narrow-gap,1
q58,narrow-gap,1
q59,narrow-gap,1
q60,narrow-gap,1
q61,narrow-gap,1
q62,narrow-gap,1
q63,narrow-gap,1
q64,narrow-gap,1
q65,narrow-gap,0
q66,narrow-gap,0
q67,narrow-gap,0
q68,narrow-gap,0
q69,narrow-gap,0
q70,narrow-gap,0
q71,narrow-gap,0
q72,narrow-gap,0
q73,narrow-gap,0
q74,narrow-gap,0
q75,narrow-gap,0
q76,narrow-gap,0
q77,narrow-gap,0
q78,narrow-gap,0
q79,narrow-gap,0
q80,narrow-gap,0
q81,narrow-gap,0
q82,narrow-gap,0
q83,narrow-gap,0
q84,narrow-gap,0
q85,narrow-gap,0
q86,narrow-gap,0
q87,narrow-gap,0
q88,narrow-gap,0
q89,narrow-gap,0
q90,narrow-gap,0
q91,narrow-gap,0
q92,narrow-gap,0
q93,narrow-gap,0
q94,narrow-gap,0
q95,narrow-gap,0
q96,narrow-gap,0
q97,narrow-gap,0
q98,narrow-gap,0
q99,narrow-gap,0
q0,wide-far,1
q1,wide-far,1
q2,wide-far,1
q3,wide-far,1
q4,wide-far,1
q5,wide-far,1
q6,wide-far,1
q7,wide-far,1
q8,wide-far,1
q9,wide-far,1
q10,wide-far,1
q11,wide-far,1
q12,wide-far,1
q13,wide-far,1
q14,wide-far,1
q15,wide-far,1
q16,wide-far,1
q17,wide-far,1
q18,wide-far,1
q19,wide-far,1
q20,wide-far,1
q21,wide-far,1
q22,wide-far,1
q23,wide-far,1
q24,wide-far,1
q25,wide-far,1
q26,wide-far,1
q27,wide-far,1
q28,wide-far,1
q29,wide-far,1
q30,wide-far,1
q31,wide-far,1
q32,wide-far,1
q33,wide-far,1
q34,wide-far,1
q35,wide-far,1
q36,wide-far,1
q37,wide-far,1
q38,wide-far,1
q39,wide-far,1
q40,wide-far,1
q41,wide-far,1
q42,wide-far,1
q43,wide-far,1
q44,wide-far,0
q45,wide-far,0
q46,wide-far,0
q47,wide-far,0
q48,wide-far,0
q49,wide-far,0
q50,wide-far,0
q51,wide-far,0
q52,wide-far,0
q53,wide-far,0
q54,wide-far,0
q55,wide-far,0
q56,wide-far,0
q57,wide-far,0
q58,wide-far,0
q59,wide-far,0
q60,wide-far,0
q61,wide-far,0
q62,wide-far,0
q63,wide-far,0
q64,wide-far,0
q65,wide-far,0
q66,wide-far,0
q67,wide-far,0
q68,wide-far,0
q69,wide-far,0
q70,wide-far,0
q71,wide-far,0
q72,wide-far,0
q73,wide-far,0
q74,wide-far,0
q75,wide-far,0
q76,wide-far,0
q77,wide-far,0
q78,wide-far,0
q79,wide-far,0
q80,wide-far,1
q81,wide-far,1
q82,wide-far,1
q83,wide-far,1
q84,wide-far,1
q85,wide-far,1
q86,wide-far,1
q87,wide-far,1
q88,wide-far,1
q89,wide-far,1
q90,wide-far,1
q91,wide-far,1
q92,wide-far,1
q93,wide-far,1
q94,wide-far,1
q95,wide-far,1
q96,wide-far,1
q97,wide-far,1
q98,wide-far,1
q99,wide-far,1
separate1,unmatched,0.65
separate2,unmatched,0.67
